source,region,period_start,period_end,overlapping_polity_rows,overlapping_dated_assertions,undated_assertions_in_region
seshat-polaris,Afghanistan,-3500,-2001,0,0,879
seshat-polaris,Afghanistan,-2000,-1001,0,0,879
seshat-polaris,Afghanistan,-1000,-1,2,8,879
seshat-polaris,Afghanistan,1,499,4,23,879
seshat-polaris,Afghanistan,500,999,2,8,879
seshat-polaris,Afghanistan,1000,1499,2,18,879
seshat-polaris,Afghanistan,1500,1799,1,2,879
seshat-polaris,Afghanistan,1800,1899,1,3,879
seshat-polaris,Afghanistan,1900,1999,0,0,879
seshat-polaris,Afghanistan,2000,2026,0,0,879
seshat-polaris,Amazonia,-3500,-2001,0,0,300
seshat-polaris,Amazonia,-2000,-1001,0,0,300
seshat-polaris,Amazonia,-1000,-1,0,0,300
seshat-polaris,Amazonia,1,499,0,0,300
seshat-polaris,Amazonia,500,999,0,0,300
seshat-polaris,Amazonia,1000,1499,0,0,300
seshat-polaris,Amazonia,1500,1799,1,7,300
seshat-polaris,Amazonia,1800,1899,2,5,300
seshat-polaris,Amazonia,1900,1999,1,0,300
seshat-polaris,Amazonia,2000,2026,0,0,300
seshat-polaris,Anatolia-Caucasus,-3500,-2001,2,5,3446
seshat-polaris,Anatolia-Caucasus,-2000,-1001,6,15,3446
seshat-polaris,Anatolia-Caucasus,-1000,-1,8,14,3446
seshat-polaris,Anatolia-Caucasus,1,499,4,8,3446
seshat-polaris,Anatolia-Caucasus,500,999,4,26,3446
seshat-polaris,Anatolia-Caucasus,1000,1499,6,63,3446
seshat-polaris,Anatolia-Caucasus,1500,1799,3,16,3446
seshat-polaris,Anatolia-Caucasus,1800,1899,3,13,3446
seshat-polaris,Anatolia-Caucasus,1900,1999,2,9,3446
seshat-polaris,Anatolia-Caucasus,2000,2026,0,0,3446
seshat-polaris,Andes,-3500,-2001,0,0,926
seshat-polaris,Andes,-2000,-1001,0,0,926
seshat-polaris,Andes,-1000,-1,1,0,926
seshat-polaris,Andes,1,499,2,9,926
seshat-polaris,Andes,500,999,3,6,926
seshat-polaris,Andes,1000,1499,5,8,926
seshat-polaris,Andes,1500,1799,1,4,926
seshat-polaris,Andes,1800,1899,0,0,926
seshat-polaris,Andes,1900,1999,0,0,926
seshat-polaris,Andes,2000,2026,0,0,926
seshat-polaris,Arabia,-3500,-2001,1,5,1175
seshat-polaris,Arabia,-2000,-1001,2,4,1175
seshat-polaris,Arabia,-1000,-1,4,4,1175
seshat-polaris,Arabia,1,499,4,4,1175
seshat-polaris,Arabia,500,999,4,2,1175
seshat-polaris,Arabia,1000,1499,4,4,1175
seshat-polaris,Arabia,1500,1799,4,3,1175
seshat-polaris,Arabia,1800,1899,3,2,1175
seshat-polaris,Arabia,1900,1999,0,0,1175
seshat-polaris,Arabia,2000,2026,0,0,1175
seshat-polaris,Caribbean,-3500,-2001,1,0,435
seshat-polaris,Caribbean,-2000,-1001,2,2,435
seshat-polaris,Caribbean,-1000,-1,1,3,435
seshat-polaris,Caribbean,1,499,3,6,435
seshat-polaris,Caribbean,500,999,3,8,435
seshat-polaris,Caribbean,1000,1499,4,22,435
seshat-polaris,Caribbean,1500,1799,2,10,435
seshat-polaris,Caribbean,1800,1899,0,0,435
seshat-polaris,Caribbean,1900,1999,0,0,435
seshat-polaris,Caribbean,2000,2026,0,0,435
seshat-polaris,Central Africa,-3500,-2001,0,0,173
seshat-polaris,Central Africa,-2000,-1001,0,0,173
seshat-polaris,Central Africa,-1000,-1,0,0,173
seshat-polaris,Central Africa,1,499,0,0,173
seshat-polaris,Central Africa,500,999,1,0,173
seshat-polaris,Central Africa,1000,1499,3,0,173
seshat-polaris,Central Africa,1500,1799,3,21,173
seshat-polaris,Central Africa,1800,1899,1,39,173
seshat-polaris,Central Africa,1900,1999,0,0,173
seshat-polaris,Central Africa,2000,2026,0,0,173
seshat-polaris,Central Europe,-3500,-2001,0,0,496
seshat-polaris,Central Europe,-2000,-1001,0,0,496
seshat-polaris,Central Europe,-1000,-1,0,0,496
seshat-polaris,Central Europe,1,499,1,1,496
seshat-polaris,Central Europe,500,999,3,4,496
seshat-polaris,Central Europe,1000,1499,6,12,496
seshat-polaris,Central Europe,1500,1799,3,22,496
seshat-polaris,Central Europe,1800,1899,2,47,496
seshat-polaris,Central Europe,1900,1999,2,37,496
seshat-polaris,Central Europe,2000,2026,0,0,496
seshat-polaris,East Africa,-3500,-2001,0,0,2071
seshat-polaris,East Africa,-2000,-1001,0,0,2071
seshat-polaris,East Africa,-1000,-1,1,3,2071
seshat-polaris,East Africa,1,499,3,9,2071
seshat-polaris,East Africa,500,999,7,12,2071
seshat-polaris,East Africa,1000,1499,16,27,2071
seshat-polaris,East Africa,1500,1799,28,107,2071
seshat-polaris,East Africa,1800,1899,23,127,2071
seshat-polaris,East Africa,1900,1999,6,25,2071
seshat-polaris,East Africa,2000,2026,0,0,2071
seshat-polaris,East Coast,-3500,-2001,0,0,462
seshat-polaris,East Coast,-2000,-1001,0,0,462
seshat-polaris,East Coast,-1000,-1,0,0,462
seshat-polaris,East Coast,1,499,0,0,462
seshat-polaris,East Coast,500,999,0,0,462
seshat-polaris,East Coast,1000,1499,1,0,462
seshat-polaris,East Coast,1500,1799,4,45,462
seshat-polaris,East Coast,1800,1899,3,30,462
seshat-polaris,East Coast,1900,1999,1,10,462
seshat-polaris,East Coast,2000,2026,0,0,462
seshat-polaris,Eastern Europe,-3500,-2001,0,0,378
seshat-polaris,Eastern Europe,-2000,-1001,0,0,378
seshat-polaris,Eastern Europe,-1000,-1,1,1,378
seshat-polaris,Eastern Europe,1,499,0,0,378
seshat-polaris,Eastern Europe,500,999,2,6,378
seshat-polaris,Eastern Europe,1000,1499,4,7,378
seshat-polaris,Eastern Europe,1500,1799,3,36,378
seshat-polaris,Eastern Europe,1800,1899,1,16,378
seshat-polaris,Eastern Europe,1900,1999,2,62,378
seshat-polaris,Eastern Europe,2000,2026,0,0,378
seshat-polaris,Eastern South Asia,-3500,-2001,0,0,649
seshat-polaris,Eastern South Asia,-2000,-1001,0,0,649
seshat-polaris,Eastern South Asia,-1000,-1,0,0,649
seshat-polaris,Eastern South Asia,1,499,1,0,649
seshat-polaris,Eastern South Asia,500,999,4,0,649
seshat-polaris,Eastern South Asia,1000,1499,6,2,649
seshat-polaris,Eastern South Asia,1500,1799,5,4,649
seshat-polaris,Eastern South Asia,1800,1899,3,5,649
seshat-polaris,Eastern South Asia,1900,1999,1,2,649
seshat-polaris,Eastern South Asia,2000,2026,0,0,649
seshat-polaris,Iran,-3500,-2001,4,15,3977
seshat-polaris,Iran,-2000,-1001,7,11,3977
seshat-polaris,Iran,-1000,-1,8,24,3977
seshat-polaris,Iran,1,499,5,27,3977
seshat-polaris,Iran,500,999,3,21,3977
seshat-polaris,Iran,1000,1499,6,29,3977
seshat-polaris,Iran,1500,1799,3,9,3977
seshat-polaris,Iran,1800,1899,1,6,3977
seshat-polaris,Iran,1900,1999,1,7,3977
seshat-polaris,Iran,2000,2026,0,0,3977
seshat-polaris,Levant,-3500,-2001,0,0,630
seshat-polaris,Levant,-2000,-1001,3,19,630
seshat-polaris,Levant,-1000,-1,3,13,630
seshat-polaris,Levant,1,499,0,0,630
seshat-polaris,Levant,500,999,1,14,630
seshat-polaris,Levant,1000,1499,0,0,630
seshat-polaris,Levant,1500,1799,0,0,630
seshat-polaris,Levant,1800,1899,0,0,630
seshat-polaris,Levant,1900,1999,0,0,630
seshat-polaris,Levant,2000,2026,0,0,630
seshat-polaris,Maghreb,-3500,-2001,0,0,615
seshat-polaris,Maghreb,-2000,-1001,0,0,615
seshat-polaris,Maghreb,-1000,-1,1,2,615
seshat-polaris,Maghreb,1,499,0,0,615
seshat-polaris,Maghreb,500,999,3,0,615
seshat-polaris,Maghreb,1000,1499,5,3,615
seshat-polaris,Maghreb,1500,1799,5,5,615
seshat-polaris,Maghreb,1800,1899,1,0,615
seshat-polaris,Maghreb,1900,1999,1,0,615
seshat-polaris,Maghreb,2000,2026,0,0,615
seshat-polaris,Mainland Southeast Asia,-3500,-2001,0,0,1385
seshat-polaris,Mainland Southeast Asia,-2000,-1001,1,0,1385
seshat-polaris,Mainland Southeast Asia,-1000,-1,3,0,1385
seshat-polaris,Mainland Southeast Asia,1,499,2,1,1385
seshat-polaris,Mainland Southeast Asia,500,999,4,8,1385
seshat-polaris,Mainland Southeast Asia,1000,1499,6,21,1385
seshat-polaris,Mainland Southeast Asia,1500,1799,3,10,1385
seshat-polaris,Mainland Southeast Asia,1800,1899,1,8,1385
seshat-polaris,Mainland Southeast Asia,1900,1999,0,0,1385
seshat-polaris,Mainland Southeast Asia,2000,2026,0,0,1385
seshat-polaris,Maritime Southeast Asia,-3500,-2001,0,0,1000
seshat-polaris,Maritime Southeast Asia,-2000,-1001,0,0,1000
seshat-polaris,Maritime Southeast Asia,-1000,-1,1,20,1000
seshat-polaris,Maritime Southeast Asia,1,499,1,24,1000
seshat-polaris,Maritime Southeast Asia,500,999,3,26,1000
seshat-polaris,Maritime Southeast Asia,1000,1499,5,16,1000
seshat-polaris,Maritime Southeast Asia,1500,1799,4,10,1000
seshat-polaris,Maritime Southeast Asia,1800,1899,2,10,1000
seshat-polaris,Maritime Southeast Asia,1900,1999,1,16,1000
seshat-polaris,Maritime Southeast Asia,2000,2026,0,0,1000
seshat-polaris,Mesopotamia,-3500,-2001,5,10,1627
seshat-polaris,Mesopotamia,-2000,-1001,5,0,1627
seshat-polaris,Mesopotamia,-1000,-1,4,5,1627
seshat-polaris,Mesopotamia,1,499,0,0,1627
seshat-polaris,Mesopotamia,500,999,1,9,1627
seshat-polaris,Mesopotamia,1000,1499,1,3,1627
seshat-polaris,Mesopotamia,1500,1799,0,0,1627
seshat-polaris,Mesopotamia,1800,1899,0,0,1627
seshat-polaris,Mesopotamia,1900,1999,0,0,1627
seshat-polaris,Mesopotamia,2000,2026,0,0,1627
seshat-polaris,Mexico,-3500,-2001,1,2,2338
seshat-polaris,Mexico,-2000,-1001,4,5,2338
seshat-polaris,Mexico,-1000,-1,9,11,2338
seshat-polaris,Mexico,1,499,5,3,2338
seshat-polaris,Mexico,500,999,9,10,2338
seshat-polaris,Mexico,1000,1499,6,7,2338
seshat-polaris,Mexico,1500,1799,3,2,2338
seshat-polaris,Mexico,1800,1899,1,5,2338
seshat-polaris,Mexico,1900,1999,2,4,2338
seshat-polaris,Mexico,2000,2026,1,0,2338
seshat-polaris,Mississippi Basin,-3500,-2001,0,0,1416
seshat-polaris,Mississippi Basin,-2000,-1001,0,0,1416
seshat-polaris,Mississippi Basin,-1000,-1,2,2,1416
seshat-polaris,Mississippi Basin,1,499,3,3,1416
seshat-polaris,Mississippi Basin,500,999,4,7,1416
seshat-polaris,Mississippi Basin,1000,1499,5,13,1416
seshat-polaris,Mississippi Basin,1500,1799,2,5,1416
seshat-polaris,Mississippi Basin,1800,1899,0,1,1416
seshat-polaris,Mississippi Basin,1900,1999,0,0,1416
seshat-polaris,Mississippi Basin,2000,2026,0,0,1416
seshat-polaris,Mongolia,-3500,-2001,0,0,1718
seshat-polaris,Mongolia,-2000,-1001,1,15,1718
seshat-polaris,Mongolia,-1000,-1,3,32,1718
seshat-polaris,Mongolia,1,499,4,25,1718
seshat-polaris,Mongolia,500,999,7,45,1718
seshat-polaris,Mongolia,1000,1499,6,20,1718
seshat-polaris,Mongolia,1500,1799,2,17,1718
seshat-polaris,Mongolia,1800,1899,0,0,1718
seshat-polaris,Mongolia,1900,1999,0,0,1718
seshat-polaris,Mongolia,2000,2026,0,0,1718
seshat-polaris,New Guinea,-3500,-2001,0,0,275
seshat-polaris,New Guinea,-2000,-1001,0,0,275
seshat-polaris,New Guinea,-1000,-1,0,0,275
seshat-polaris,New Guinea,1,499,0,0,275
seshat-polaris,New Guinea,500,999,0,0,275
seshat-polaris,New Guinea,1000,1499,0,0,275
seshat-polaris,New Guinea,1500,1799,1,1,275
seshat-polaris,New Guinea,1800,1899,2,4,275
seshat-polaris,New Guinea,1900,1999,1,6,275
seshat-polaris,New Guinea,2000,2026,0,0,275
seshat-polaris,North China,-3500,-2001,2,4,3024
seshat-polaris,North China,-2000,-1001,5,18,3024
seshat-polaris,North China,-1000,-1,6,30,3024
seshat-polaris,North China,1,499,7,35,3024
seshat-polaris,North China,500,999,6,55,3024
seshat-polaris,North China,1000,1499,4,20,3024
seshat-polaris,North China,1500,1799,3,16,3024
seshat-polaris,North China,1800,1899,1,4,3024
seshat-polaris,North China,1900,1999,1,4,3024
seshat-polaris,North China,2000,2026,0,0,3024
seshat-polaris,North India,-3500,-2001,2,0,1231
seshat-polaris,North India,-2000,-1001,1,0,1231
seshat-polaris,North India,-1000,-1,5,27,1231
seshat-polaris,North India,1,499,4,3,1231
seshat-polaris,North India,500,999,9,7,1231
seshat-polaris,North India,1000,1499,9,15,1231
seshat-polaris,North India,1500,1799,2,9,1231
seshat-polaris,North India,1800,1899,1,2,1231
seshat-polaris,North India,1900,1999,0,0,1231
seshat-polaris,North India,2000,2026,0,0,1231
seshat-polaris,Northeast Africa,-3500,-2001,8,23,3475
seshat-polaris,Northeast Africa,-2000,-1001,5,21,3475
seshat-polaris,Northeast Africa,-1000,-1,6,27,3475
seshat-polaris,Northeast Africa,1,499,0,0,3475
seshat-polaris,Northeast Africa,500,999,5,4,3475
seshat-polaris,Northeast Africa,1000,1499,6,18,3475
seshat-polaris,Northeast Africa,1500,1799,1,2,3475
seshat-polaris,Northeast Africa,1800,1899,0,0,3475
seshat-polaris,Northeast Africa,1900,1999,0,0,3475
seshat-polaris,Northeast Africa,2000,2026,0,0,3475
seshat-polaris,Northeast Asia,-3500,-2001,3,0,1919
seshat-polaris,Northeast Asia,-2000,-1001,2,0,1919
seshat-polaris,Northeast Asia,-1000,-1,2,5,1919
seshat-polaris,Northeast Asia,1,499,2,56,1919
seshat-polaris,Northeast Asia,500,999,4,34,1919
seshat-polaris,Northeast Asia,1000,1499,4,24,1919
seshat-polaris,Northeast Asia,1500,1799,3,22,1919
seshat-polaris,Northeast Asia,1800,1899,1,7,1919
seshat-polaris,Northeast Asia,1900,1999,0,0,1919
seshat-polaris,Northeast Asia,2000,2026,0,0,1919
seshat-polaris,Northern Europe,-3500,-2001,0,0,223
seshat-polaris,Northern Europe,-2000,-1001,0,0,223
seshat-polaris,Northern Europe,-1000,-1,0,0,223
seshat-polaris,Northern Europe,1,499,0,0,223
seshat-polaris,Northern Europe,500,999,1,24,223
seshat-polaris,Northern Europe,1000,1499,2,56,223
seshat-polaris,Northern Europe,1500,1799,0,0,223
seshat-polaris,Northern Europe,1800,1899,0,0,223
seshat-polaris,Northern Europe,1900,1999,0,0,223
seshat-polaris,Northern Europe,2000,2026,0,0,223
seshat-polaris,Pakistan,-3500,-2001,4,4,1354
seshat-polaris,Pakistan,-2000,-1001,3,14,1354
seshat-polaris,Pakistan,-1000,-1,2,23,1354
seshat-polaris,Pakistan,1,499,0,0,1354
seshat-polaris,Pakistan,500,999,1,1,1354
seshat-polaris,Pakistan,1000,1499,2,9,1354
seshat-polaris,Pakistan,1500,1799,1,4,1354
seshat-polaris,Pakistan,1800,1899,0,0,1354
seshat-polaris,Pakistan,1900,1999,0,0,1354
seshat-polaris,Pakistan,2000,2026,0,0,1354
seshat-polaris,Polynesia,-3500,-2001,0,0,852
seshat-polaris,Polynesia,-2000,-1001,0,0,852
seshat-polaris,Polynesia,-1000,-1,0,0,852
seshat-polaris,Polynesia,1,499,0,0,852
seshat-polaris,Polynesia,500,999,0,0,852
seshat-polaris,Polynesia,1000,1499,2,9,852
seshat-polaris,Polynesia,1500,1799,4,11,852
seshat-polaris,Polynesia,1800,1899,4,26,852
seshat-polaris,Polynesia,1900,1999,1,6,852
seshat-polaris,Polynesia,2000,2026,0,0,852
seshat-polaris,Pontic-Caspian,-3500,-2001,0,0,185
seshat-polaris,Pontic-Caspian,-2000,-1001,0,0,185
seshat-polaris,Pontic-Caspian,-1000,-1,0,0,185
seshat-polaris,Pontic-Caspian,1,499,0,0,185
seshat-polaris,Pontic-Caspian,500,999,0,0,185
seshat-polaris,Pontic-Caspian,1000,1499,3,3,185
seshat-polaris,Pontic-Caspian,1500,1799,2,0,185
seshat-polaris,Pontic-Caspian,1800,1899,0,0,185
seshat-polaris,Pontic-Caspian,1900,1999,0,0,185
seshat-polaris,Pontic-Caspian,2000,2026,0,0,185
seshat-polaris,Sahel,-3500,-2001,0,0,130
seshat-polaris,Sahel,-2000,-1001,0,0,130
seshat-polaris,Sahel,-1000,-1,1,0,130
seshat-polaris,Sahel,1,499,1,0,130
seshat-polaris,Sahel,500,999,0,0,130
seshat-polaris,Sahel,1000,1499,1,1,130
seshat-polaris,Sahel,1500,1799,0,0,130
seshat-polaris,Sahel,1800,1899,0,0,130
seshat-polaris,Sahel,1900,1999,0,0,130
seshat-polaris,Sahel,2000,2026,0,0,130
seshat-polaris,Siberia,-3500,-2001,0,0,245
seshat-polaris,Siberia,-2000,-1001,0,0,245
seshat-polaris,Siberia,-1000,-1,0,0,245
seshat-polaris,Siberia,1,499,0,0,245
seshat-polaris,Siberia,500,999,0,0,245
seshat-polaris,Siberia,1000,1499,1,1,245
seshat-polaris,Siberia,1500,1799,2,17,245
seshat-polaris,Siberia,1800,1899,1,20,245
seshat-polaris,Siberia,1900,1999,1,12,245
seshat-polaris,Siberia,2000,2026,0,0,245
seshat-polaris,South China,-3500,-2001,0,0,490
seshat-polaris,South China,-2000,-1001,0,0,490
seshat-polaris,South China,-1000,-1,4,3,490
seshat-polaris,South China,1,499,1,0,490
seshat-polaris,South China,500,999,1,0,490
seshat-polaris,South China,1000,1499,1,1,490
seshat-polaris,South China,1500,1799,1,2,490
seshat-polaris,South China,1800,1899,2,2,490
seshat-polaris,South China,1900,1999,1,0,490
seshat-polaris,South China,2000,2026,0,0,490
seshat-polaris,Southeastern Europe,-3500,-2001,2,6,1422
seshat-polaris,Southeastern Europe,-2000,-1001,6,11,1422
seshat-polaris,Southeastern Europe,-1000,-1,6,13,1422
seshat-polaris,Southeastern Europe,1,499,0,0,1422
seshat-polaris,Southeastern Europe,500,999,3,20,1422
seshat-polaris,Southeastern Europe,1000,1499,1,1,1422
seshat-polaris,Southeastern Europe,1500,1799,0,0,1422
seshat-polaris,Southeastern Europe,1800,1899,0,0,1422
seshat-polaris,Southeastern Europe,1900,1999,0,0,1422
seshat-polaris,Southeastern Europe,2000,2026,0,0,1422
seshat-polaris,Southern Africa,-3500,-2001,0,0,294
seshat-polaris,Southern Africa,-2000,-1001,0,0,294
seshat-polaris,Southern Africa,-1000,-1,0,0,294
seshat-polaris,Southern Africa,1,499,0,0,294
seshat-polaris,Southern Africa,500,999,1,0,294
seshat-polaris,Southern Africa,1000,1499,6,0,294
seshat-polaris,Southern Africa,1500,1799,5,1,294
seshat-polaris,Southern Africa,1800,1899,3,1,294
seshat-polaris,Southern Africa,1900,1999,0,0,294
seshat-polaris,Southern Africa,2000,2026,0,0,294
seshat-polaris,Southern Europe,-3500,-2001,1,1,2819
seshat-polaris,Southern Europe,-2000,-1001,2,4,2819
seshat-polaris,Southern Europe,-1000,-1,7,44,2819
seshat-polaris,Southern Europe,1,499,4,18,2819
seshat-polaris,Southern Europe,500,999,5,16,2819
seshat-polaris,Southern Europe,1000,1499,9,25,2819
seshat-polaris,Southern Europe,1500,1799,11,97,2819
seshat-polaris,Southern Europe,1800,1899,3,58,2819
seshat-polaris,Southern Europe,1900,1999,0,0,2819
seshat-polaris,Southern Europe,2000,2026,0,0,2819
seshat-polaris,Southern India,-3500,-2001,1,7,1960
seshat-polaris,Southern India,-2000,-1001,2,24,1960
seshat-polaris,Southern India,-1000,-1,5,27,1960
seshat-polaris,Southern India,1,499,7,11,1960
seshat-polaris,Southern India,500,999,11,5,1960
seshat-polaris,Southern India,1000,1499,9,9,1960
seshat-polaris,Southern India,1500,1799,5,6,1960
seshat-polaris,Southern India,1800,1899,1,0,1960
seshat-polaris,Southern India,1900,1999,0,0,1960
seshat-polaris,Southern India,2000,2026,0,0,1960
seshat-polaris,Sri Lanka,-3500,-2001,0,0,290
seshat-polaris,Sri Lanka,-2000,-1001,0,0,290
seshat-polaris,Sri Lanka,-1000,-1,1,0,290
seshat-polaris,Sri Lanka,1,499,3,3,290
seshat-polaris,Sri Lanka,500,999,2,1,290
seshat-polaris,Sri Lanka,1000,1499,4,1,290
seshat-polaris,Sri Lanka,1500,1799,1,1,290
seshat-polaris,Sri Lanka,1800,1899,0,0,290
seshat-polaris,Sri Lanka,1900,1999,0,0,290
seshat-polaris,Sri Lanka,2000,2026,0,0,290
seshat-polaris,Turkestan,-3500,-2001,1,1,1586
seshat-polaris,Turkestan,-2000,-1001,3,2,1586
seshat-polaris,Turkestan,-1000,-1,4,4,1586
seshat-polaris,Turkestan,1,499,3,0,1586
seshat-polaris,Turkestan,500,999,4,12,1586
seshat-polaris,Turkestan,1000,1499,5,26,1586
seshat-polaris,Turkestan,1500,1799,4,7,1586
seshat-polaris,Turkestan,1800,1899,0,0,1586
seshat-polaris,Turkestan,1900,1999,0,0,1586
seshat-polaris,Turkestan,2000,2026,0,0,1586
seshat-polaris,West Africa,-3500,-2001,0,0,3499
seshat-polaris,West Africa,-2000,-1001,1,0,3499
seshat-polaris,West Africa,-1000,-1,4,1,3499
seshat-polaris,West Africa,1,499,7,3,3499
seshat-polaris,West Africa,500,999,14,14,3499
seshat-polaris,West Africa,1000,1499,27,84,3499
seshat-polaris,West Africa,1500,1799,34,198,3499
seshat-polaris,West Africa,1800,1899,25,129,3499
seshat-polaris,West Africa,1900,1999,4,12,3499
seshat-polaris,West Africa,2000,2026,0,0,3499
seshat-polaris,Western Europe,-3500,-2001,2,3,3339
seshat-polaris,Western Europe,-2000,-1001,2,1,3339
seshat-polaris,Western Europe,-1000,-1,8,19,3339
seshat-polaris,Western Europe,1,499,2,2,3339
seshat-polaris,Western Europe,500,999,9,23,3339
seshat-polaris,Western Europe,1000,1499,8,70,3339
seshat-polaris,Western Europe,1500,1799,6,45,3339
seshat-polaris,Western Europe,1800,1899,4,21,3339
seshat-polaris,Western Europe,1900,1999,1,5,3339
seshat-polaris,Western Europe,2000,2026,0,0,3339
seshat-polaris,Western North America,-3500,-2001,0,0,118
seshat-polaris,Western North America,-2000,-1001,0,0,118
seshat-polaris,Western North America,-1000,-1,0,0,118
seshat-polaris,Western North America,1,499,1,0,118
seshat-polaris,Western North America,500,999,1,0,118
seshat-polaris,Western North America,1000,1499,3,2,118
seshat-polaris,Western North America,1500,1799,1,0,118
seshat-polaris,Western North America,1800,1899,0,0,118
seshat-polaris,Western North America,1900,1999,0,0,118
seshat-polaris,Western North America,2000,2026,0,0,118
